id,media_id,type,url
991433704575852544,991433693410492417,photo,https://pbs.twimg.com/media/DcJHsPoWAAEMvmM.jpg
991433704575852544,991433693418975232,photo,https://pbs.twimg.com/media/DcJHsPqXcAAfDRf.jpg
991433704575852544,991433693427269632,photo,https://pbs.twimg.com/media/DcJHsPsWAAAnvGl.jpg
991433704575852544,991433693431500800,photo,https://pbs.twimg.com/media/DcJHsPtWkAA3Amb.jpg
991558444195991552,991556513276678144,video,https://pbs.twimg.com/ext_tw_video_thumb/991556513276678144/pu/img/kvY_0XXtg8ZthI_1.jpg
991557250656407552,991557207559991297,photo,https://pbs.twimg.com/media/DcK4BtsXcAE_7Q0.jpg
991557250656407552,991557231140397061,photo,https://pbs.twimg.com/media/DcK4DFiX4AUthOv.jpg
991521489731182592,991521463424507905,photo,https://pbs.twimg.com/media/DcKXhIaX4AEZDk6.jpg
991683366671052801,991683360379621381,photo,https://pbs.twimg.com/media/DcMqwxkX0AUeEWT.jpg
991150407463374848,991150393261518848,photo,https://pbs.twimg.com/media/DcFGCAVXcAA7_v2.jpg
991150407463374848,991150399473225728,photo,https://pbs.twimg.com/media/DcFGCXeWkAAQ3eQ.jpg
968061890344693760,968061886280404992,photo,https://pbs.twimg.com/media/DW8_KBRWkAAyIuN.jpg
982702283459788800,982702276514021376,photo,https://pbs.twimg.com/media/DaNCg4-WAAAyqNF.jpg
991735282943881219,991734826872000513,photo,https://pbs.twimg.com/media/DcNZkhMW0AE2l0p.jpg
991710184492978177,991710071607513089,photo,https://pbs.twimg.com/media/DcNDDkpX0AEi87G.jpg
991710184492978177,991710071590703105,photo,https://pbs.twimg.com/media/DcNDDklXUAEC2IW.jpg
991710184492978177,991710151357935623,photo,https://pbs.twimg.com/media/DcNDINvWsAc6kQt.jpg
991663540900687873,991663473674272770,photo,https://pbs.twimg.com/media/DcMYrN0VwAIZ4qG.jpg
991747353467146243,991747335674834945,photo,https://pbs.twimg.com/media/DcNk8oHWsAEeAP-.jpg
737710858709540865,737710856377503744,photo,https://pbs.twimg.com/media/CjzgHYVUkAAEdSd.jpg
991694921806598144,991694920078577666,photo,https://pbs.twimg.com/media/DcM1RozX0AIzw3h.jpg
985080449755119617,985080442071207936,photo,https://pbs.twimg.com/media/Dau1cWDW0AAcSXi.jpg
991739207629594626,991739175195070465,photo,https://pbs.twimg.com/media/DcNdhn9XUAE43Is.jpg
991761874843648000,991761865964380160,photo,https://pbs.twimg.com/media/DcNyKZqV4AAMLer.png
991431269513756672,991431043860258816,video,https://pbs.twimg.com/ext_tw_video_thumb/991431043860258816/pu/img/OFEIIuHrsrAq9b7X.jpg
991726590445826048,991477136522268672,photo,https://pbs.twimg.com/media/DcJvM91U0AAlgwB.jpg
991769072277782529,991769061523578880,photo,https://pbs.twimg.com/media/DcN4tPNV4AAw5Oe.jpg
990631636868923400,990631635644272645,photo,https://pbs.twimg.com/media/Db9uOVnXUAUY4HM.jpg
987417286679121925,987417274410729472,photo,https://pbs.twimg.com/media/DbQCx45WAAAeGHy.jpg
739904334079643653,739904330258604032,photo,https://pbs.twimg.com/media/CkSrEXTWYAARwpW.jpg
991413256714641410,991413253229170689,photo,https://pbs.twimg.com/media/DcI1GeBW0AEsP5f.jpg
991658119699759104,991403800056422400,video,https://pbs.twimg.com/amplify_video_thumb/991403800056422400/img/fBmmDwi0vjwNW82F.jpg
991644818173546496,991644756877901824,photo,https://pbs.twimg.com/media/DcMHpwUWAAA2h6g.jpg
986287511927443457,986287504654553095,photo,https://pbs.twimg.com/media/Da__QolXUAcEnVH.jpg
991791767652515840,991791504460075008,photo,https://pbs.twimg.com/media/DcONHlqX0AA_ZvW.jpg
989537339516047361,989537329093242880,photo,https://pbs.twimg.com/media/DbuK9UCXcAAPweA.jpg
988874737672744962,988874721499471872,photo,https://pbs.twimg.com/media/DbkwUeZW4AAHJV3.jpg
712620572249890816,712620569284513792,photo,https://pbs.twimg.com/media/CeO8odPXEAAhvP4.jpg
991803876612374528,991803803363143680,photo,https://pbs.twimg.com/media/DcOYTepXcAARcCD.jpg
991803876612374528,991803803363094530,photo,https://pbs.twimg.com/media/DcOYTepWsAIhXXI.jpg
991803876612374528,991803803371556864,photo,https://pbs.twimg.com/media/DcOYTerX0AApnRO.jpg
991803876612374528,991803803396722689,photo,https://pbs.twimg.com/media/DcOYTexX0AEBguX.jpg
991804155122536449,991804151112740865,photo,https://pbs.twimg.com/media/DcOYnuHVMAE6pvK.jpg
991730160763207680,991730158175305728,photo,https://pbs.twimg.com/media/DcNVUw8UwAA2QZG.jpg
991314587461939200,991314521561149441,photo,https://pbs.twimg.com/media/DcHbTh5WsAEGw1h.jpg
991128687805370370,990774460272685062,photo,https://pbs.twimg.com/media/Db_wH00VMAYYiNl.jpg
991128687805370370,990774470662021120,photo,https://pbs.twimg.com/media/Db_wIbhV4AA_ozD.jpg
985349652831768576,985349642064945152,photo,https://pbs.twimg.com/media/DayqR2LW4AAeNw9.jpg
991899708061863937,991899706816155648,photo,https://pbs.twimg.com/media/DcPvhy2XUAAQFR4.jpg
991660402244108289,991660372951105536,photo,https://pbs.twimg.com/media/DcMV2uuVAAAJtA7.jpg
984469208888045568,967004909857058816,video,https://pbs.twimg.com/ext_tw_video_thumb/967004909857058816/pu/img/2XiYYdesMPykuHl2.jpg
991427426080186371,982655992986038272,video,https://pbs.twimg.com/ext_tw_video_thumb/982655992986038272/pu/img/5TCj0KFG-ogEQBku.jpg
991943821935239168,991943804717555712,photo,https://pbs.twimg.com/media/DcQXooVW4AA18Kb.jpg
991678161703272449,991678146721337344,photo,https://pbs.twimg.com/media/DcMmBTLX0AAbCWx.jpg
991957667076886529,991957656914055168,photo,https://pbs.twimg.com/media/DcQkO7yXUAA-DPf.jpg
991959803579822080,991959783442968576,photo,https://pbs.twimg.com/media/DcQmKtuXcAAm8fO.jpg
991972173022543872,991972170342387712,photo,https://pbs.twimg.com/media/DcQxbuhU0AAB5ay.jpg
991799515412881408,991799435461038080,photo,https://pbs.twimg.com/media/DcOUVO8WkAA2nsp.jpg
991799515412881408,991799483603279873,photo,https://pbs.twimg.com/media/DcOUYCSW4AEJoQd.jpg
991980152790761472,991980150676844544,photo,https://pbs.twimg.com/media/DcQ4sPlU8AAcrdG.jpg
991810393034158080,991800959134240768,video,https://pbs.twimg.com/ext_tw_video_thumb/991800959134240768/pu/img/PQPXtqE_KJ_a7qJU.jpg
991905348763111424,991905342240903169,photo,https://pbs.twimg.com/media/DcP0p0cU0AETMRl.jpg
991991298310615040,991991289192198144,photo,https://pbs.twimg.com/media/DcRC0lyVMAAcBrC.jpg
991822144081420293,991815493366431745,video,https://pbs.twimg.com/media/DcOjLeuVMAEDhN5.jpg
992014695895896065,992014692846620672,photo,https://pbs.twimg.com/media/DcRYG3MXUAA3crt.jpg
992016695014363137,992016692455895042,photo,https://pbs.twimg.com/media/DcRZ7QUXcAIAx3u.jpg
992016549954379776,992016526797692929,photo,https://pbs.twimg.com/media/DcRZxnMX4AELIAO.png
989456148964216832,989453110635630593,video,https://pbs.twimg.com/ext_tw_video_thumb/989453110635630593/pu/img/up0VEbe0n8lhjMx4.jpg
992029500409032704,992029400047783936,photo,https://pbs.twimg.com/media/DcRle7yXkAA5ui_.jpg
991826645358002176,991826393519423488,video,https://pbs.twimg.com/media/DcOtBrlV0AE1ac7.jpg
992052466551349249,992050096211709952,video,https://pbs.twimg.com/ext_tw_video_thumb/992050096211709952/pu/img/_4K5BW7LRCkWsvtZ.jpg
992059217443016706,992059181992742912,photo,https://pbs.twimg.com/media/DcSAkeLXkAA_X1S.jpg
992011382106345473,991955319021555713,video,https://pbs.twimg.com/ext_tw_video_thumb/991955319021555713/pu/img/_MFmBTzc3--_SI_T.jpg
992059850791235585,992059845355495425,photo,https://pbs.twimg.com/media/DcSBLFZX4AEtUQ7.jpg
991832735634329601,991832666713419776,photo,https://pbs.twimg.com/media/DcOyjjAU8AAGyks.jpg
991832735634329601,991832692097339392,photo,https://pbs.twimg.com/media/DcOylBkU0AAsZj6.jpg
991832735634329601,991832717435199488,photo,https://pbs.twimg.com/media/DcOymf9V4AA1zgj.jpg
991256105799086081,991256102938529793,photo,https://pbs.twimg.com/media/DcGmLHkW0AEv9vU.jpg
992074169360797697,992074158803771392,photo,https://pbs.twimg.com/media/DcSOMPJX4AAiw3Q.jpg
992087994189340672,992087894775992320,photo,https://pbs.twimg.com/media/DcSarxoWkAA_EqU.jpg
992093901879046146,992093893603799041,photo,https://pbs.twimg.com/media/DcSgI9AWsAErOIb.jpg
961674284585320449,961674274514882560,photo,https://pbs.twimg.com/media/DViNqFIXUAAydnl.jpg
991790291114917890,991790231031635968,photo,https://pbs.twimg.com/media/DcOL9dxX4AAa2Rf.jpg
992078828460748800,992078805413126144,video,https://pbs.twimg.com/ext_tw_video_thumb/992078805413126144/pu/img/I2K8y-i5xDvf9uYM.jpg
992053030592839680,992053019712815106,photo,https://pbs.twimg.com/media/DcR69x5WAAIywWc.jpg
992111340062945280,992111327899418625,photo,https://pbs.twimg.com/media/DcSv_w0WAAEOaWP.jpg
991689267184394240,991689265217196033,photo,https://pbs.twimg.com/media/DcMwIezW0AE76Y6.jpg
992117593770164224,992117524014817280,video,https://pbs.twimg.com/ext_tw_video_thumb/992117524014817280/pu/img/0-KCT3k9wcM4WRnT.jpg
992116256785526784,992116247822204928,photo,https://pbs.twimg.com/media/DcS0eI9WAAA4nLn.jpg
986373103314972673,986372629828382720,photo,https://pbs.twimg.com/media/DbBMrkkWsAA13t9.jpg
986373103314972673,986372629538975744,photo,https://pbs.twimg.com/media/DbBMrjfWsAAd1Dr.jpg
986373103314972673,986372630101069825,photo,https://pbs.twimg.com/media/DbBMrllXkAEbnkz.jpg
986373103314972673,986372629782253571,photo,https://pbs.twimg.com/media/DbBMrkZW0AM4pGY.jpg
991924736887345152,991924728142204928,photo,https://pbs.twimg.com/media/DcQGSOjXkAAUMyD.jpg
991902246777405440,991902242440609792,photo,https://pbs.twimg.com/media/DcPx1YyWAAAvdkW.jpg
992123769975132162,992123752216498176,photo,https://pbs.twimg.com/media/DcS7S9AXkAAsFEH.jpg
992145817212542976,992145809977339904,photo,https://pbs.twimg.com/media/DcTPW4kXcAASFBk.jpg
992032842271125505,992032832078966784,photo,https://pbs.twimg.com/media/DcRomtGXcAAFsWQ.jpg
991391260505182208,991391228305518598,photo,https://pbs.twimg.com/media/DcIhEcyWsAYVRI0.jpg
992088698278658048,992088669954760704,photo,https://pbs.twimg.com/media/DcSbY5ZX4AA631z.jpg
992135011276083202,992134666265284608,video,https://pbs.twimg.com/ext_tw_video_thumb/992134666265284608/pu/img/zEJq-2hWbSHq0SOd.jpg
992085305741201409,992085296815792128,photo,https://pbs.twimg.com/media/DcSYUjeX4AAKidY.jpg
990646134367510533,990646090687905792,photo,https://pbs.twimg.com/media/Db97Xu2VAAA8-La.jpg
992159733929922560,992159712442507265,photo,https://pbs.twimg.com/media/DcTcAHSW4AEyeT1.jpg
991942445255585793,991942443103760384,photo,https://pbs.twimg.com/media/DcQWZX7VMAAjdT-.jpg
992151813628411905,992151811040555009,photo,https://pbs.twimg.com/media/DcTU0MRVMAEBrn5.jpg
991742425734569985,991742402879721473,photo,https://pbs.twimg.com/media/DcNgdgBWkAEE5v6.jpg
992151818854588416,992151816136617985,photo,https://pbs.twimg.com/media/DcTU0fQU8AE3DsI.jpg
992141924491583495,992141922054623232,photo,https://pbs.twimg.com/media/DcTL0k7W0AABWkD.jpg
992080293153697792,992080286719664128,photo,https://pbs.twimg.com/media/DcSTw7aX4AAJg52.jpg
992120763204493312,992120731692564480,photo,https://pbs.twimg.com/media/DcS4jIrWAAAuS0p.jpg
992147339207901184,992147323609407489,photo,https://pbs.twimg.com/media/DcTQu_SX4AELSm_.jpg
992147339207901184,992147331364605953,photo,https://pbs.twimg.com/media/DcTQvcLW0AENKTR.jpg
992070688369328129,992070616323784704,photo,https://pbs.twimg.com/media/DcSK-CYVAAAi0zE.jpg
992070688369328129,992070627031900160,photo,https://pbs.twimg.com/media/DcSK-qRV4AAaFwk.jpg
992070688369328129,992070637731508224,photo,https://pbs.twimg.com/media/DcSK_SIU8AAmivx.jpg
992070688369328129,992070646313111554,photo,https://pbs.twimg.com/media/DcSK_yGV0AIOwt8.jpg
991911349155434496,991911263629295616,photo,https://pbs.twimg.com/media/DcP6CfVVQAA4Flk.jpg
992215814949556224,992215811753377792,photo,https://pbs.twimg.com/media/DcUPBhgWAAA7Ix_.jpg
992215242796097537,992215231286906880,photo,https://pbs.twimg.com/media/DcUOfvGWkAAuRvd.jpg
992218453569392640,992218441791823875,photo,https://pbs.twimg.com/media/DcURanKX4AMS7pf.jpg
992046066102042636,992046063539441670,photo,https://pbs.twimg.com/media/DcR0o4IX0AYgF8Y.jpg
992099325902704640,992099296747995136,photo,https://pbs.twimg.com/media/DcSlDdSUQAAdOVI.jpg
988147436777623554,988147315767570432,photo,https://pbs.twimg.com/media/Dbaav44U8AAiWN1.jpg
992124355512557568,992123885674889216,video,https://pbs.twimg.com/ext_tw_video_thumb/992123885674889216/pu/img/S8Yjh1ClHKbOG0Eg.jpg
991890602827513857,991890600931745795,photo,https://pbs.twimg.com/media/DcPnPwyV4AMroDR.jpg
992261497463095297,992261454593060864,photo,https://pbs.twimg.com/media/DcU4iSVU8AA77Sf.jpg
992298277105106944,992298254745288706,photo,https://pbs.twimg.com/media/DcVaAVlVQAIBq9A.jpg
992008790991101953,992008784091500546,photo,https://pbs.twimg.com/media/DcRSu7XXUAIBOsJ.jpg
992329452225945600,992329440003874817,photo,https://pbs.twimg.com/media/DcV2XjuX4AEKFAl.jpg
991806155608543233,991806144963399681,photo,https://pbs.twimg.com/media/DcOabxyX0AEITp_.jpg
992323495517474816,992323427183849472,photo,https://pbs.twimg.com/media/DcVw5kOXcAA2YuO.jpg
992208832301428736,992208828774035461,photo,https://pbs.twimg.com/media/DcUIrD4VMAUPYOS.jpg
992134996604354560,992134994238803968,photo,https://pbs.twimg.com/media/DcTFhUzWkAAdzs9.jpg
992168915584339968,992168892217819136,photo,https://pbs.twimg.com/media/DcTkWcnWAAAi2c5.jpg
992378215233703936,992378207134461952,photo,https://pbs.twimg.com/media/DcWiuLcWsAAX1FM.jpg
992378215233703936,992378207272951808,photo,https://pbs.twimg.com/media/DcWiuL9X4AAayIw.jpg
992117273241554944,992116950540091392,video,https://pbs.twimg.com/ext_tw_video_thumb/992116950540091392/pu/img/BYr1IuxIVNV-71xa.jpg
992065167667159041,992064903887409158,video,https://pbs.twimg.com/ext_tw_video_thumb/992064903887409158/pu/img/MqDHzpPpXWa6yLhB.jpg
992388700159070208,992388644714569728,video,https://pbs.twimg.com/ext_tw_video_thumb/992388644714569728/pu/img/j4X_2yXwuuss8fBU.jpg
988042668612694019,988042648157151232,photo,https://pbs.twimg.com/media/DbY7jbpX4AArHJS.jpg
992403576512102400,992403454751469568,photo,https://pbs.twimg.com/media/DcW5ryJU8AAPBhR.jpg
992165842140913665,992165834943414272,animated_gif,https://pbs.twimg.com/tweet_video_thumb/DcThkfYUwAAPEJ5.jpg
976169124308144128,976169079617843200,photo,https://pbs.twimg.com/media/DYwMmx9XcAA9bVy.jpg
992413661279981569,992413654053216261,photo,https://pbs.twimg.com/media/DcXC9dgW4AUwKO1.jpg
992078033963180032,992078002325524480,photo,https://pbs.twimg.com/media/DcSRr9YXkAABSLd.jpg
991687828961710081,991687822460547073,photo,https://pbs.twimg.com/media/DcMu0gHXcAElK2l.jpg
992413420141121537,992413379741536256,photo,https://pbs.twimg.com/media/DcXCtfnW0AA2clR.jpg
992413420141121537,992413379749957632,photo,https://pbs.twimg.com/media/DcXCtfpXUAAQD3M.jpg
992299011091513344,992298983761457153,photo,https://pbs.twimg.com/media/DcVaqxYVMAEqwIP.jpg
981496252092174336,981496239425445888,photo,https://pbs.twimg.com/media/DZ75oStV4AAJePv.jpg
992426898729861122,992426871068512256,photo,https://pbs.twimg.com/media/DcXO-yuXUAA5r-o.jpg
992445152114434048,992445112218275840,photo,https://pbs.twimg.com/media/DcXfkkTX0AAsiRu.jpg
992084306070827008,992081846669402112,video,https://pbs.twimg.com/media/DcSWGe9XUAA1bDJ.jpg
992199368739565568,992199356982886401,photo,https://pbs.twimg.com/media/DcUADutWAAE5Eqj.jpg
836125416385572865,836125391282651136,photo,https://pbs.twimg.com/media/C5qDnQcWQAAkEWM.jpg
836125416385572865,836125391114944512,photo,https://pbs.twimg.com/media/C5qDnP0XQAAWfKh.jpg
836125416385572865,836125391236526082,photo,https://pbs.twimg.com/media/C5qDnQRWcAIVlSr.jpg
836125416385572865,836125391374909440,photo,https://pbs.twimg.com/media/C5qDnQyWAAAyHiD.jpg
900349995395686405,900349904803045376,photo,https://pbs.twimg.com/media/DH6vd9lXoAAKS8U.jpg
992394706603540480,992394703290023941,photo,https://pbs.twimg.com/media/DcWxuYaUwAUTx9u.jpg
991119366434500608,991119359342010368,photo,https://pbs.twimg.com/media/DcEpzl-X4AAv6B6.jpg
991119366434500608,991119359325167617,photo,https://pbs.twimg.com/media/DcEpzl6W4AE6CUX.jpg
991742389214765057,991742372160638976,photo,https://pbs.twimg.com/media/DcNgbtlWkAAp-hZ.jpg
992221871897808896,992220831030923264,video,https://pbs.twimg.com/ext_tw_video_thumb/992220831030923264/pu/img/EaKqaxsLI0dTabLC.jpg
992076145658138625,992075641569857536,video,https://pbs.twimg.com/ext_tw_video_thumb/992075641569857536/pu/img/yBD5JB12855q_9ZR.jpg
992358716388401152,992358708683460608,photo,https://pbs.twimg.com/media/DcWQ_ODX0AA5EX1.jpg
992145372209434625,992144758280728577,photo,https://pbs.twimg.com/media/DcTOZqsWsAEpGGC.jpg
992442005325275136,992442002997362688,photo,https://pbs.twimg.com/media/DcXcvljVwAAjFmR.jpg
992473707363774464,992473699516235776,photo,https://pbs.twimg.com/media/DcX5kkSVQAAt0X-.jpg
984839122257772544,984838962924548096,photo,https://pbs.twimg.com/media/DarZ0aIU8AAAH5E.jpg
984839122257772544,984839005471588354,photo,https://pbs.twimg.com/media/DarZ24oVQAI89Ua.jpg
984839122257772544,984839033539911680,photo,https://pbs.twimg.com/media/DarZ4hMV4AAkszN.jpg
984839122257772544,984839068562288640,photo,https://pbs.twimg.com/media/DarZ6jqU8AAShfJ.jpg
992485459598233606,992485431022440449,photo,https://pbs.twimg.com/media/DcYEPbjX0AEc6th.jpg
992485459598233606,992485431122984960,photo,https://pbs.twimg.com/media/DcYEPb7WAAA0vfj.jpg
715233972465303552,715233970653364231,photo,https://pbs.twimg.com/media/Ce0FgcAWAAc8nfW.jpg
709755726311395328,709755723996139521,photo,https://pbs.twimg.com/media/CdmPEg4XEAExKCp.jpg
992469055629017093,992469027028008960,photo,https://pbs.twimg.com/media/DcX1Ul6VAAALlLb.jpg
992402360893952000,992401837646114816,photo,https://pbs.twimg.com/media/DcW4Np9XcAAPVUc.jpg
992503622385614848,992503587283619842,photo,https://pbs.twimg.com/media/DcYUwQ5XUAIsDX5.jpg
992511687755468801,992511678960095234,photo,https://pbs.twimg.com/media/DcYcHQvX0AIc0j0.jpg
992405749761486850,992405730169884673,photo,https://pbs.twimg.com/media/DcW7wOvWkAE223l.jpg
991314452346793984,991314420730138624,photo,https://pbs.twimg.com/media/DcHbNqRXkAAmONu.jpg
991314489885839360,991314468117282816,photo,https://pbs.twimg.com/media/DcHbQazWAAAp6Mj.jpg
992453640995696646,992453602097577984,photo,https://pbs.twimg.com/media/DcXnSvkVQAAx_OH.jpg
992453640995696646,992453615724806144,photo,https://pbs.twimg.com/media/DcXnTiVUQAAJ9ub.jpg
992453640995696646,992453623203250176,photo,https://pbs.twimg.com/media/DcXnT-MUQAA8esS.jpg
992453640995696646,992453630933458946,photo,https://pbs.twimg.com/media/DcXnUa_V4AIRD5g.jpg
992348807890440192,992348764148027392,photo,https://pbs.twimg.com/media/DcWH8XxXUAAxUPv.jpg
980525643585777669,980525635268431872,photo,https://pbs.twimg.com/media/DZuG3sdW0AA9sly.jpg
992470587527303169,992470142578778118,video,https://pbs.twimg.com/ext_tw_video_thumb/992470142578778118/pu/img/_aHRaIx1p94uAJy8.jpg
992495592722059264,992495575663828992,photo,https://pbs.twimg.com/media/DcYNd7SW4AAdCIE.jpg
992551721321689098,992551695107293184,photo,https://pbs.twimg.com/media/DcZAgggVAAAQHoA.jpg
992351664827969536,992351658523938816,photo,https://pbs.twimg.com/media/DcWKk2KW0AAIkKc.jpg
992567596431093762,992567594216456193,photo,https://pbs.twimg.com/media/DcZO99TWAAEQMwi.jpg
992556897432756226,992556889190883328,photo,https://pbs.twimg.com/media/DcZFO1-W4AA1dIW.jpg
992554932627759104,992554923270094848,animated_gif,https://pbs.twimg.com/tweet_video_thumb/DcZDcaWUQAA_S7m.jpg
992580451968651264,992580396427587584,photo,https://pbs.twimg.com/media/DcZanJQVMAA1dMC.jpg
992456094726479873,992456085188595712,photo,https://pbs.twimg.com/media/DcXpjRzXUAAPasj.jpg
992388725245206534,992388706299514885,photo,https://pbs.twimg.com/media/DcWsRT4XkAUxBn_.jpg
992610235738140672,992610217996308481,photo,https://pbs.twimg.com/media/DcZ1u_QX0AEdAK1.jpg
992610235738140672,992610221016211456,photo,https://pbs.twimg.com/media/DcZ1vKgX4AAvnMf.jpg
992610235738140672,992610225948708870,photo,https://pbs.twimg.com/media/DcZ1vc4X0AYgzM8.jpg
992610235738140672,992610228771442689,photo,https://pbs.twimg.com/media/DcZ1vnZXUAEsrE2.jpg
990917102566600704,990917055481335809,photo,https://pbs.twimg.com/media/DcBxz9XXUAEz6h5.jpg
992446046365278208,992446036944842752,photo,https://pbs.twimg.com/media/DcXgaZLXcAAz4t6.jpg
992526817662824448,992526812646436865,photo,https://pbs.twimg.com/media/DcYp4KHXcAEbKjV.jpg
992294572020531200,992294515946938368,video,https://pbs.twimg.com/ext_tw_video_thumb/992294515946938368/pu/img/N4q5SMtfMIe-6UbH.jpg
